[{"model": "chacara_bom_sucesso.bloco", "pk": 1, "fields": {"bloco": "A"}}, {"model": "chacara_bom_sucesso.bloco", "pk": 2, "fields": {"bloco": "B"}}, {"model": "chacara_bom_sucesso.apartamento", "pk": 3, "fields": {"numero_apartamento": "Apto 11", "bloco": 1}}, {"model": "chacara_bom_sucesso.apartamento", "pk": 4, "fields": {"numero_apartamento": "Apto 12", "bloco": 1}}, {"model": "chacara_bom_sucesso.apartamento", "pk": 5, "fields": {"numero_apartamento": "Apto 13", "bloco": 1}}, {"model": "chacara_bom_sucesso.apartamento", "pk": 6, "fields": {"numero_apartamento": "Apto 14", "bloco": 1}}, {"model": "chacara_bom_sucesso.apartamento", "pk": 7, "fields": {"numero_apartamento": "Apto 15", "bloco": 1}}, {"model": "chacara_bom_sucesso.apartamento", "pk": 8, "fields": {"numero_apartamento": "Apto 16", "bloco": 1}}, {"model": "chacara_bom_sucesso.apartamento", "pk": 9, "fields": {"numero_apartamento": "Apto 21", "bloco": 1}}, {"model": "chacara_bom_sucesso.apartamento", "pk": 10, "fields": {"numero_apartamento": "Apto 22", "bloco": 1}}, {"model": "chacara_bom_sucesso.apartamento", "pk": 11, "fields": {"numero_apartamento": "Apto 23", "bloco": 1}}, {"model": "chacara_bom_sucesso.apartamento", "pk": 12, "fields": {"numero_apartamento": "Apto 24", "bloco": 1}}, {"model": "chacara_bom_sucesso.apartamento", "pk": 13, "fields": {"numero_apartamento": "Apto 25", "bloco": 1}}, {"model": "chacara_bom_sucesso.apartamento", "pk": 14, "fields": {"numero_apartamento": "Apto 26", "bloco": 1}}, {"model": "chacara_bom_sucesso.apartamento", "pk": 15, "fields": {"numero_apartamento": "Apto 31", "bloco": 1}}, {"model": "chacara_bom_sucesso.apartamento", "pk": 16, "fields": {"numero_apartamento": "Apto 32", "bloco": 1}}, {"model": "chacara_bom_sucesso.apartamento", "pk": 17, "fields": {"numero_apartamento": "Apto 33", "bloco": 1}}, {"model": "chacara_bom_sucesso.apartamento", "pk": 18, "fields": {"numero_apartamento": "Apto 34", "bloco": 1}}, {"model": "chacara_bom_sucesso.apartamento", "pk": 19, "fields": {"numero_apartamento": "Apto 35", "bloco": 1}}, {"model": "chacara_bom_sucesso.apartamento", "pk": 20, "fields": {"numero_apartamento": "Apto 36", "bloco": 1}}, {"model": "chacara_bom_sucesso.apartamento", "pk": 21, "fields": {"numero_apartamento": "Apto 41", "bloco": 1}}, {"model": "chacara_bom_sucesso.apartamento", "pk": 22, "fields": {"numero_apartamento": "Apto 42", "bloco": 1}}, {"model": "chacara_bom_sucesso.apartamento", "pk": 23, "fields": {"numero_apartamento": "Apto 43", "bloco": 1}}, {"model": "chacara_bom_sucesso.apartamento", "pk": 24, "fields": {"numero_apartamento": "Apto 44", "bloco": 1}}, {"model": "chacara_bom_sucesso.apartamento", "pk": 25, "fields": {"numero_apartamento": "Apto 45", "bloco": 1}}, {"model": "chacara_bom_sucesso.apartamento", "pk": 26, "fields": {"numero_apartamento": "Apto 46", "bloco": 1}}, {"model": "chacara_bom_sucesso.apartamento", "pk": 27, "fields": {"numero_apartamento": "Apto 01", "bloco": 2}}, {"model": "chacara_bom_sucesso.apartamento", "pk": 28, "fields": {"numero_apartamento": "Apto 02", "bloco": 2}}, {"model": "chacara_bom_sucesso.apartamento", "pk": 29, "fields": {"numero_apartamento": "Apto 11", "bloco": 2}}, {"model": "chacara_bom_sucesso.apartamento", "pk": 30, "fields": {"numero_apartamento": "Apto 12", "bloco": 2}}, {"model": "chacara_bom_sucesso.apartamento", "pk": 31, "fields": {"numero_apartamento": "Apto 13", "bloco": 2}}, {"model": "chacara_bom_sucesso.apartamento", "pk": 32, "fields": {"numero_apartamento": "Apto 14", "bloco": 2}}, {"model": "chacara_bom_sucesso.apartamento", "pk": 33, "fields": {"numero_apartamento": "Apto 15", "bloco": 2}}, {"model": "chacara_bom_sucesso.apartamento", "pk": 34, "fields": {"numero_apartamento": "Apto 16", "bloco": 2}}, {"model": "chacara_bom_sucesso.apartamento", "pk": 35, "fields": {"numero_apartamento": "Apto 21", "bloco": 2}}, {"model": "chacara_bom_sucesso.apartamento", "pk": 36, "fields": {"numero_apartamento": "Apto 22", "bloco": 2}}, {"model": "chacara_bom_sucesso.apartamento", "pk": 37, "fields": {"numero_apartamento": "Apto 23", "bloco": 2}}, {"model": "chacara_bom_sucesso.apartamento", "pk": 38, "fields": {"numero_apartamento": "Apto 24", "bloco": 2}}, {"model": "chacara_bom_sucesso.apartamento", "pk": 39, "fields": {"numero_apartamento": "Apto 25", "bloco": 2}}, {"model": "chacara_bom_sucesso.apartamento", "pk": 40, "fields": {"numero_apartamento": "Apto 26", "bloco": 2}}, {"model": "chacara_bom_sucesso.apartamento", "pk": 41, "fields": {"numero_apartamento": "Apto 31", "bloco": 2}}, {"model": "chacara_bom_sucesso.apartamento", "pk": 42, "fields": {"numero_apartamento": "Apto 32", "bloco": 2}}, {"model": "chacara_bom_sucesso.apartamento", "pk": 43, "fields": {"numero_apartamento": "Apto 33", "bloco": 2}}, {"model": "chacara_bom_sucesso.apartamento", "pk": 44, "fields": {"numero_apartamento": "Apto 34", "bloco": 2}}, {"model": "chacara_bom_sucesso.apartamento", "pk": 45, "fields": {"numero_apartamento": "Apto 35", "bloco": 2}}, {"model": "chacara_bom_sucesso.apartamento", "pk": 46, "fields": {"numero_apartamento": "Apto 36", "bloco": 2}}, {"model": "chacara_bom_sucesso.apartamento", "pk": 47, "fields": {"numero_apartamento": "Apto 41", "bloco": 2}}, {"model": "chacara_bom_sucesso.apartamento", "pk": 48, "fields": {"numero_apartamento": "Apto 42", "bloco": 2}}, {"model": "chacara_bom_sucesso.apartamento", "pk": 49, "fields": {"numero_apartamento": "Apto 43", "bloco": 2}}, {"model": "chacara_bom_sucesso.apartamento", "pk": 50, "fields": {"numero_apartamento": "Apto 44", "bloco": 2}}, {"model": "chacara_bom_sucesso.apartamento", "pk": 51, "fields": {"numero_apartamento": "Apto 45", "bloco": 2}}, {"model": "chacara_bom_sucesso.apartamento", "pk": 52, "fields": {"numero_apartamento": "Apto 46", "bloco": 2}}, {"model": "chacara_bom_sucesso.vaga", "pk": 2, "fields": {"vaga": "Vaga 01 Bloco B"}}, {"model": "chacara_bom_sucesso.vaga", "pk": 3, "fields": {"vaga": "Vaga 02 Bloco B"}}, {"model": "chacara_bom_sucesso.vaga", "pk": 4, "fields": {"vaga": "Vaga 03 Bloco B"}}, {"model": "chacara_bom_sucesso.vaga", "pk": 5, "fields": {"vaga": "Vaga 04 Bloco B"}}, {"model": "chacara_bom_sucesso.vaga", "pk": 6, "fields": {"vaga": "Vaga 05 Bloco B"}}, {"model": "chacara_bom_sucesso.vaga", "pk": 7, "fields": {"vaga": "Vaga 06 Bloco B"}}, {"model": "chacara_bom_sucesso.vaga", "pk": 8, "fields": {"vaga": "Vaga 07 Bloco B"}}, {"model": "chacara_bom_sucesso.vaga", "pk": 9, "fields": {"vaga": "Vaga 08 Bloco B"}}, {"model": "chacara_bom_sucesso.vaga", "pk": 10, "fields": {"vaga": "Vaga 09 Bloco B"}}, {"model": "chacara_bom_sucesso.vaga", "pk": 11, "fields": {"vaga": "Vaga 10 Bloco B"}}, {"model": "chacara_bom_sucesso.vaga", "pk": 12, "fields": {"vaga": "Vaga 11 Bloco B"}}, {"model": "chacara_bom_sucesso.vaga", "pk": 13, "fields": {"vaga": "Vaga 12 Bloco B"}}, {"model": "chacara_bom_sucesso.vaga", "pk": 14, "fields": {"vaga": "Vaga 13 Bloco B"}}, {"model": "chacara_bom_sucesso.vaga", "pk": 15, "fields": {"vaga": "Vaga 14 Bloco B"}}, {"model": "chacara_bom_sucesso.vaga", "pk": 16, "fields": {"vaga": "Vaga 15 Bloco B"}}, {"model": "chacara_bom_sucesso.vaga", "pk": 17, "fields": {"vaga": "Vaga 16 Bloco B"}}, {"model": "chacara_bom_sucesso.vaga", "pk": 18, "fields": {"vaga": "Vaga 17 Bloco B"}}, {"model": "chacara_bom_sucesso.vaga", "pk": 19, "fields": {"vaga": "Vaga 18 Bloco B"}}, {"model": "chacara_bom_sucesso.vaga", "pk": 20, "fields": {"vaga": "Vaga 19 Bloco B"}}, {"model": "chacara_bom_sucesso.vaga", "pk": 21, "fields": {"vaga": "Vaga 20 Bloco B"}}, {"model": "chacara_bom_sucesso.vaga", "pk": 22, "fields": {"vaga": "Vaga 21 Bloco B"}}, {"model": "chacara_bom_sucesso.vaga", "pk": 23, "fields": {"vaga": "Vaga 22 Bloco B"}}, {"model": "chacara_bom_sucesso.vaga", "pk": 24, "fields": {"vaga": "Vaga 23 Bloco B"}}, {"model": "chacara_bom_sucesso.vaga", "pk": 25, "fields": {"vaga": "Vaga 24 Bloco B"}}, {"model": "chacara_bom_sucesso.vaga", "pk": 26, "fields": {"vaga": "Vaga 25 Bloco B"}}, {"model": "chacara_bom_sucesso.vaga", "pk": 27, "fields": {"vaga": "Vaga 26 Bloco B"}}, {"model": "chacara_bom_sucesso.vaga", "pk": 28, "fields": {"vaga": "Vaga 27 Bloco A"}}, {"model": "chacara_bom_sucesso.vaga", "pk": 29, "fields": {"vaga": "Vaga 28 Bloco A"}}, {"model": "chacara_bom_sucesso.vaga", "pk": 30, "fields": {"vaga": "Vaga 29 Bloco A"}}, {"model": "chacara_bom_sucesso.vaga", "pk": 31, "fields": {"vaga": "Vaga 30 Bloco A"}}, {"model": "chacara_bom_sucesso.vaga", "pk": 32, "fields": {"vaga": "Vaga 31 Bloco A"}}, {"model": "chacara_bom_sucesso.vaga", "pk": 33, "fields": {"vaga": "Vaga 32 Bloco A"}}, {"model": "chacara_bom_sucesso.vaga", "pk": 34, "fields": {"vaga": "Vaga 33 Bloco A"}}, {"model": "chacara_bom_sucesso.vaga", "pk": 35, "fields": {"vaga": "Vaga 34 Bloco A"}}, {"model": "chacara_bom_sucesso.vaga", "pk": 36, "fields": {"vaga": "Vaga 35 Bloco A"}}, {"model": "chacara_bom_sucesso.vaga", "pk": 37, "fields": {"vaga": "Vaga 36 Bloco A"}}, {"model": "chacara_bom_sucesso.vaga", "pk": 38, "fields": {"vaga": "Vaga 37 Bloco A"}}, {"model": "chacara_bom_sucesso.vaga", "pk": 39, "fields": {"vaga": "Vaga 38 Bloco A"}}, {"model": "chacara_bom_sucesso.vaga", "pk": 40, "fields": {"vaga": "Vaga 39 Bloco A"}}, {"model": "chacara_bom_sucesso.vaga", "pk": 41, "fields": {"vaga": "Vaga 40 Bloco A"}}, {"model": "chacara_bom_sucesso.vaga", "pk": 42, "fields": {"vaga": "Vaga 41 Bloco A"}}, {"model": "chacara_bom_sucesso.vaga", "pk": 43, "fields": {"vaga": "Vaga 42 Bloco A"}}, {"model": "chacara_bom_sucesso.vaga", "pk": 44, "fields": {"vaga": "Vaga 43 Bloco A"}}, {"model": "chacara_bom_sucesso.vaga", "pk": 45, "fields": {"vaga": "Vaga 44 Bloco A"}}, {"model": "chacara_bom_sucesso.vaga", "pk": 46, "fields": {"vaga": "Vaga 45 Bloco A"}}, {"model": "chacara_bom_sucesso.vaga", "pk": 47, "fields": {"vaga": "Vaga 46 Bloco A"}}, {"model": "chacara_bom_sucesso.vaga", "pk": 48, "fields": {"vaga": "Vaga 47 Bloco A"}}, {"model": "chacara_bom_sucesso.vaga", "pk": 49, "fields": {"vaga": "Vaga 48 Bloco A"}}, {"model": "chacara_bom_sucesso.vaga", "pk": 50, "fields": {"vaga": "Vaga 49 Bloco A"}}, {"model": "chacara_bom_sucesso.vaga", "pk": 51, "fields": {"vaga": "Vaga 50 Bloco A"}}, {"model": "chacara_bom_sucesso.sorteio", "pk": 3, "fields": {"apartamento": 3, "vaga": 28}}, {"model": "chacara_bom_sucesso.sorteio", "pk": 4, "fields": {"apartamento": 4, "vaga": 31}}, {"model": "chacara_bom_sucesso.sorteio", "pk": 5, "fields": {"apartamento": 5, "vaga": 44}}, {"model": "chacara_bom_sucesso.sorteio", "pk": 6, "fields": {"apartamento": 6, "vaga": 41}}, {"model": "chacara_bom_sucesso.sorteio", "pk": 7, "fields": {"apartamento": 7, "vaga": 38}}, {"model": "chacara_bom_sucesso.sorteio", "pk": 8, "fields": {"apartamento": 8, "vaga": 6}}, {"model": "chacara_bom_sucesso.sorteio", "pk": 9, "fields": {"apartamento": 9, "vaga": 50}}, {"model": "chacara_bom_sucesso.sorteio", "pk": 10, "fields": {"apartamento": 10, "vaga": 51}}, {"model": "chacara_bom_sucesso.sorteio", "pk": 11, "fields": {"apartamento": 11, "vaga": 47}}, {"model": "chacara_bom_sucesso.sorteio", "pk": 12, "fields": {"apartamento": 12, "vaga": 37}}, {"model": "chacara_bom_sucesso.sorteio", "pk": 13, "fields": {"apartamento": 13, "vaga": 33}}, {"model": "chacara_bom_sucesso.sorteio", "pk": 14, "fields": {"apartamento": 14, "vaga": 30}}, {"model": "chacara_bom_sucesso.sorteio", "pk": 15, "fields": {"apartamento": 15, "vaga": 9}}, {"model": "chacara_bom_sucesso.sorteio", "pk": 16, "fields": {"apartamento": 16, "vaga": 40}}, {"model": "chacara_bom_sucesso.sorteio", "pk": 17, "fields": {"apartamento": 17, "vaga": 48}}, {"model": "chacara_bom_sucesso.sorteio", "pk": 18, "fields": {"apartamento": 18, "vaga": 46}}, {"model": "chacara_bom_sucesso.sorteio", "pk": 19, "fields": {"apartamento": 19, "vaga": 10}}, {"model": "chacara_bom_sucesso.sorteio", "pk": 20, "fields": {"apartamento": 20, "vaga": 49}}, {"model": "chacara_bom_sucesso.sorteio", "pk": 21, "fields": {"apartamento": 21, "vaga": 45}}, {"model": "chacara_bom_sucesso.sorteio", "pk": 22, "fields": {"apartamento": 22, "vaga": 32}}, {"model": "chacara_bom_sucesso.sorteio", "pk": 23, "fields": {"apartamento": 23, "vaga": 22}}, {"model": "chacara_bom_sucesso.sorteio", "pk": 24, "fields": {"apartamento": 24, "vaga": 43}}, {"model": "chacara_bom_sucesso.sorteio", "pk": 25, "fields": {"apartamento": 25, "vaga": 29}}, {"model": "chacara_bom_sucesso.sorteio", "pk": 26, "fields": {"apartamento": 26, "vaga": 36}}, {"model": "chacara_bom_sucesso.sorteio", "pk": 27, "fields": {"apartamento": 27, "vaga": 18}}, {"model": "chacara_bom_sucesso.sorteio", "pk": 28, "fields": {"apartamento": 28, "vaga": 16}}, {"model": "chacara_bom_sucesso.sorteio", "pk": 29, "fields": {"apartamento": 29, "vaga": 35}}, {"model": "chacara_bom_sucesso.sorteio", "pk": 30, "fields": {"apartamento": 30, "vaga": 34}}, {"model": "chacara_bom_sucesso.sorteio", "pk": 31, "fields": {"apartamento": 31, "vaga": 3}}, {"model": "chacara_bom_sucesso.sorteio", "pk": 32, "fields": {"apartamento": 32, "vaga": 11}}, {"model": "chacara_bom_sucesso.sorteio", "pk": 33, "fields": {"apartamento": 33, "vaga": 26}}, {"model": "chacara_bom_sucesso.sorteio", "pk": 34, "fields": {"apartamento": 34, "vaga": 15}}, {"model": "chacara_bom_sucesso.sorteio", "pk": 35, "fields": {"apartamento": 35, "vaga": 25}}, {"model": "chacara_bom_sucesso.sorteio", "pk": 36, "fields": {"apartamento": 36, "vaga": 14}}, {"model": "chacara_bom_sucesso.sorteio", "pk": 37, "fields": {"apartamento": 37, "vaga": 12}}, {"model": "chacara_bom_sucesso.sorteio", "pk": 38, "fields": {"apartamento": 38, "vaga": 8}}, {"model": "chacara_bom_sucesso.sorteio", "pk": 39, "fields": {"apartamento": 39, "vaga": 23}}, {"model": "chacara_bom_sucesso.sorteio", "pk": 40, "fields": {"apartamento": 40, "vaga": 24}}, {"model": "chacara_bom_sucesso.sorteio", "pk": 41, "fields": {"apartamento": 41, "vaga": 5}}, {"model": "chacara_bom_sucesso.sorteio", "pk": 42, "fields": {"apartamento": 42, "vaga": 20}}, {"model": "chacara_bom_sucesso.sorteio", "pk": 43, "fields": {"apartamento": 43, "vaga": 19}}, {"model": "chacara_bom_sucesso.sorteio", "pk": 44, "fields": {"apartamento": 44, "vaga": 7}}, {"model": "chacara_bom_sucesso.sorteio", "pk": 45, "fields": {"apartamento": 45, "vaga": 42}}, {"model": "chacara_bom_sucesso.sorteio", "pk": 46, "fields": {"apartamento": 46, "vaga": 2}}, {"model": "chacara_bom_sucesso.sorteio", "pk": 47, "fields": {"apartamento": 47, "vaga": 13}}, {"model": "chacara_bom_sucesso.sorteio", "pk": 48, "fields": {"apartamento": 48, "vaga": 17}}, {"model": "chacara_bom_sucesso.sorteio", "pk": 49, "fields": {"apartamento": 49, "vaga": 39}}, {"model": "chacara_bom_sucesso.sorteio", "pk": 50, "fields": {"apartamento": 50, "vaga": 21}}, {"model": "chacara_bom_sucesso.sorteio", "pk": 51, "fields": {"apartamento": 51, "vaga": 27}}, {"model": "chacara_bom_sucesso.sorteio", "pk": 52, "fields": {"apartamento": 52, "vaga": 4}}]