[{"model": "nova_colina.apartamento", "pk": 1, "fields": {"numero_apartamento": "Apto 101"}}, {"model": "nova_colina.apartamento", "pk": 2, "fields": {"numero_apartamento": "Apto 102"}}, {"model": "nova_colina.apartamento", "pk": 3, "fields": {"numero_apartamento": "Apto 103"}}, {"model": "nova_colina.apartamento", "pk": 4, "fields": {"numero_apartamento": "Apto 104"}}, {"model": "nova_colina.apartamento", "pk": 5, "fields": {"numero_apartamento": "Apto 201"}}, {"model": "nova_colina.apartamento", "pk": 6, "fields": {"numero_apartamento": "Apto 202"}}, {"model": "nova_colina.apartamento", "pk": 7, "fields": {"numero_apartamento": "Apto 203"}}, {"model": "nova_colina.apartamento", "pk": 8, "fields": {"numero_apartamento": "Apto 204"}}, {"model": "nova_colina.apartamento", "pk": 9, "fields": {"numero_apartamento": "Apto 301"}}, {"model": "nova_colina.apartamento", "pk": 10, "fields": {"numero_apartamento": "Apto 302"}}, {"model": "nova_colina.apartamento", "pk": 11, "fields": {"numero_apartamento": "Apto 303"}}, {"model": "nova_colina.apartamento", "pk": 12, "fields": {"numero_apartamento": "Apto 304"}}, {"model": "nova_colina.apartamento", "pk": 13, "fields": {"numero_apartamento": "Apto 401"}}, {"model": "nova_colina.apartamento", "pk": 14, "fields": {"numero_apartamento": "Apto 402"}}, {"model": "nova_colina.apartamento", "pk": 15, "fields": {"numero_apartamento": "Apto 403"}}, {"model": "nova_colina.apartamento", "pk": 16, "fields": {"numero_apartamento": "Apto 404"}}, {"model": "nova_colina.apartamento", "pk": 17, "fields": {"numero_apartamento": "Apto 501"}}, {"model": "nova_colina.apartamento", "pk": 18, "fields": {"numero_apartamento": "Apto 502"}}, {"model": "nova_colina.apartamento", "pk": 19, "fields": {"numero_apartamento": "Apto 503"}}, {"model": "nova_colina.apartamento", "pk": 20, "fields": {"numero_apartamento": "Apto 504"}}, {"model": "nova_colina.apartamento", "pk": 21, "fields": {"numero_apartamento": "Apto 601"}}, {"model": "nova_colina.apartamento", "pk": 22, "fields": {"numero_apartamento": "Apto 602"}}, {"model": "nova_colina.apartamento", "pk": 23, "fields": {"numero_apartamento": "Apto 603"}}, {"model": "nova_colina.apartamento", "pk": 24, "fields": {"numero_apartamento": "Apto 604"}}, {"model": "nova_colina.apartamento", "pk": 25, "fields": {"numero_apartamento": "Apto 701"}}, {"model": "nova_colina.apartamento", "pk": 26, "fields": {"numero_apartamento": "Apto 702"}}, {"model": "nova_colina.apartamento", "pk": 27, "fields": {"numero_apartamento": "Apto 703"}}, {"model": "nova_colina.apartamento", "pk": 28, "fields": {"numero_apartamento": "Apto 704"}}, {"model": "nova_colina.apartamento", "pk": 29, "fields": {"numero_apartamento": "Apto 801"}}, {"model": "nova_colina.apartamento", "pk": 30, "fields": {"numero_apartamento": "Apto 802"}}, {"model": "nova_colina.apartamento", "pk": 31, "fields": {"numero_apartamento": "Apto 803"}}, {"model": "nova_colina.apartamento", "pk": 32, "fields": {"numero_apartamento": "Apto 804"}}, {"model": "nova_colina.apartamento", "pk": 33, "fields": {"numero_apartamento": "Apto 901"}}, {"model": "nova_colina.apartamento", "pk": 34, "fields": {"numero_apartamento": "Apto 902"}}, {"model": "nova_colina.apartamento", "pk": 35, "fields": {"numero_apartamento": "Apto 903"}}, {"model": "nova_colina.apartamento", "pk": 36, "fields": {"numero_apartamento": "Apto 904"}}, {"model": "nova_colina.apartamento", "pk": 37, "fields": {"numero_apartamento": "Apto 1001"}}, {"model": "nova_colina.apartamento", "pk": 38, "fields": {"numero_apartamento": "Apto 1002"}}, {"model": "nova_colina.apartamento", "pk": 39, "fields": {"numero_apartamento": "Apto 1003"}}, {"model": "nova_colina.apartamento", "pk": 40, "fields": {"numero_apartamento": "Apto 1004"}}, {"model": "nova_colina.apartamento", "pk": 41, "fields": {"numero_apartamento": "Apto 1101"}}, {"model": "nova_colina.apartamento", "pk": 42, "fields": {"numero_apartamento": "Apto 1102"}}, {"model": "nova_colina.apartamento", "pk": 43, "fields": {"numero_apartamento": "Apto 1103"}}, {"model": "nova_colina.apartamento", "pk": 44, "fields": {"numero_apartamento": "Apto 1104"}}, {"model": "nova_colina.apartamento", "pk": 45, "fields": {"numero_apartamento": "Apto 1201"}}, {"model": "nova_colina.apartamento", "pk": 46, "fields": {"numero_apartamento": "Apto 1202"}}, {"model": "nova_colina.apartamento", "pk": 47, "fields": {"numero_apartamento": "Apto 1203"}}, {"model": "nova_colina.apartamento", "pk": 48, "fields": {"numero_apartamento": "Apto 1204"}}, {"model": "nova_colina.apartamento", "pk": 49, "fields": {"numero_apartamento": "Apto 1301"}}, {"model": "nova_colina.apartamento", "pk": 50, "fields": {"numero_apartamento": "Apto 1302"}}, {"model": "nova_colina.apartamento", "pk": 51, "fields": {"numero_apartamento": "Apto 1303"}}, {"model": "nova_colina.apartamento", "pk": 52, "fields": {"numero_apartamento": "Apto 1304"}}, {"model": "nova_colina.apartamento", "pk": 53, "fields": {"numero_apartamento": "Apto 1401"}}, {"model": "nova_colina.apartamento", "pk": 54, "fields": {"numero_apartamento": "Apto 1402"}}, {"model": "nova_colina.apartamento", "pk": 55, "fields": {"numero_apartamento": "Apto 1403"}}, {"model": "nova_colina.apartamento", "pk": 56, "fields": {"numero_apartamento": "Apto 1404"}}, {"model": "nova_colina.grupovaga", "pk": 1, "fields": {"vagas": "Vaga 01, Vaga 10 e Vaga 11"}}, {"model": "nova_colina.grupovaga", "pk": 2, "fields": {"vagas": "Vaga 02, Vaga 12 e Vaga 13"}}, {"model": "nova_colina.grupovaga", "pk": 3, "fields": {"vagas": "Vaga 03, Vaga 17 e Vaga 18"}}, {"model": "nova_colina.grupovaga", "pk": 4, "fields": {"vagas": "Vaga 04, Vaga 19 e Vaga 20"}}, {"model": "nova_colina.grupovaga", "pk": 5, "fields": {"vagas": "Vaga 05, Vaga 21 e Vaga 22"}}, {"model": "nova_colina.grupovaga", "pk": 6, "fields": {"vagas": "Vaga 06, Vaga 23 e Vaga 24"}}, {"model": "nova_colina.grupovaga", "pk": 7, "fields": {"vagas": "Vaga 07, Vaga 25 e Vaga 26"}}, {"model": "nova_colina.grupovaga", "pk": 8, "fields": {"vagas": "Vaga 08, Vaga 27 e Vaga 28"}}, {"model": "nova_colina.grupovaga", "pk": 9, "fields": {"vagas": "Vaga 09, Vaga 29 e Vaga 30"}}, {"model": "nova_colina.grupovaga", "pk": 10, "fields": {"vagas": "Vaga 14, Vaga 31 e Vaga 32"}}, {"model": "nova_colina.grupovaga", "pk": 11, "fields": {"vagas": "Vaga 15, Vaga 33 e Vaga 34"}}, {"model": "nova_colina.grupovaga", "pk": 12, "fields": {"vagas": "Vaga 35, Vaga 36 e Vaga 37"}}, {"model": "nova_colina.grupovaga", "pk": 13, "fields": {"vagas": "Vaga 38, Vaga 39 e Vaga 40"}}, {"model": "nova_colina.grupovaga", "pk": 14, "fields": {"vagas": "Vaga 41, Vaga 42 e Vaga 43"}}, {"model": "nova_colina.grupovaga", "pk": 15, "fields": {"vagas": "Vaga 44, Vaga 45 e Vaga 46"}}, {"model": "nova_colina.grupovaga", "pk": 16, "fields": {"vagas": "Vaga 47, Vaga 56 e Vaga 57"}}, {"model": "nova_colina.grupovaga", "pk": 17, "fields": {"vagas": "Vaga 48, Vaga 58 e Vaga 59"}}, {"model": "nova_colina.grupovaga", "pk": 18, "fields": {"vagas": "Vaga 49, Vaga 50 e Vaga 51"}}, {"model": "nova_colina.grupovaga", "pk": 19, "fields": {"vagas": "Vaga 52, Vaga 53 e Vaga 54"}}, {"model": "nova_colina.grupovaga", "pk": 20, "fields": {"vagas": "Vaga 55, Vaga 60 e Vaga 61"}}, {"model": "nova_colina.grupovaga", "pk": 21, "fields": {"vagas": "Vaga 62, Vaga 64 e Vaga 66"}}, {"model": "nova_colina.grupovaga", "pk": 22, "fields": {"vagas": "Vaga 63, Vaga 65 e Vaga 67"}}, {"model": "nova_colina.grupovaga", "pk": 23, "fields": {"vagas": "Vaga 79, Vaga 68 e Vaga 69"}}, {"model": "nova_colina.grupovaga", "pk": 24, "fields": {"vagas": "Vaga 80, Vaga 70 e Vaga 71"}}, {"model": "nova_colina.grupovaga", "pk": 25, "fields": {"vagas": "Vaga 81, Vaga 72 e Vaga 73"}}, {"model": "nova_colina.grupovaga", "pk": 26, "fields": {"vagas": "Vaga 82, Vaga 74 e Vaga 75"}}, {"model": "nova_colina.grupovaga", "pk": 27, "fields": {"vagas": "Vaga 83, Vaga 84 e Vaga 85"}}, {"model": "nova_colina.grupovaga", "pk": 28, "fields": {"vagas": "Vaga 86, Vaga 87 e Vaga 88"}}, {"model": "nova_colina.grupovaga", "pk": 29, "fields": {"vagas": "Vaga 76, Vaga 77 e Vaga 78"}}, {"model": "nova_colina.grupovaga", "pk": 30, "fields": {"vagas": "Vaga 89, Vaga 90 e Vaga 91"}}, {"model": "nova_colina.grupovaga", "pk": 31, "fields": {"vagas": "Vaga 92, Vaga 102 e Vaga 103"}}, {"model": "nova_colina.grupovaga", "pk": 32, "fields": {"vagas": "Vaga 93, Vaga 104 e Vaga 105"}}, {"model": "nova_colina.grupovaga", "pk": 33, "fields": {"vagas": "Vaga 94, Vaga 95 e Vaga 96"}}, {"model": "nova_colina.grupovaga", "pk": 34, "fields": {"vagas": "Vaga 97, Vaga 98 e Vaga 99"}}, {"model": "nova_colina.grupovaga", "pk": 35, "fields": {"vagas": "Vaga 100, Vaga 101 e Vaga 106"}}, {"model": "nova_colina.grupovaga", "pk": 36, "fields": {"vagas": "Vaga 107, Vaga 125 e Vaga 126"}}, {"model": "nova_colina.grupovaga", "pk": 37, "fields": {"vagas": "Vaga 108, Vaga 110 e Vaga 112"}}, {"model": "nova_colina.grupovaga", "pk": 38, "fields": {"vagas": "Vaga 109, Vaga 111 e Vaga 113"}}, {"model": "nova_colina.grupovaga", "pk": 39, "fields": {"vagas": "Vaga 127, Vaga 114 e Vaga 115"}}, {"model": "nova_colina.grupovaga", "pk": 40, "fields": {"vagas": "Vaga 128, Vaga 116 e Vaga 117"}}, {"model": "nova_colina.grupovaga", "pk": 41, "fields": {"vagas": "Vaga 129, Vaga 118 e Vaga 119"}}, {"model": "nova_colina.grupovaga", "pk": 42, "fields": {"vagas": "Vaga 130, Vaga 120 e Vaga 121"}}, {"model": "nova_colina.grupovaga", "pk": 43, "fields": {"vagas": "Vaga 131, Vaga 132 e Vaga 133"}}, {"model": "nova_colina.grupovaga", "pk": 44, "fields": {"vagas": "Vaga 134, Vaga 135 e Vaga 136"}}, {"model": "nova_colina.grupovaga", "pk": 45, "fields": {"vagas": "Vaga 122, Vaga 123 e Vaga 124"}}, {"model": "nova_colina.grupovaga", "pk": 46, "fields": {"vagas": "Vaga 139, Vaga 137 e Vaga 138"}}, {"model": "nova_colina.grupovaga", "pk": 47, "fields": {"vagas": "Vaga 140, Vaga 157 e Vaga 158"}}, {"model": "nova_colina.grupovaga", "pk": 48, "fields": {"vagas": "Vaga 141, Vaga 143 e Vaga 145"}}, {"model": "nova_colina.grupovaga", "pk": 49, "fields": {"vagas": "Vaga 142, Vaga 144 e Vaga 146"}}, {"model": "nova_colina.grupovaga", "pk": 50, "fields": {"vagas": "Vaga 159, Vaga 160 e Vaga 161"}}, {"model": "nova_colina.grupovaga", "pk": 51, "fields": {"vagas": "Vaga 16, Vaga 162 e Vaga 163"}}, {"model": "nova_colina.grupovaga", "pk": 52, "fields": {"vagas": "Vaga 164, Vaga 147 e Vaga 148"}}, {"model": "nova_colina.grupovaga", "pk": 53, "fields": {"vagas": "Vaga 165, Vaga 149 e Vaga 150"}}, {"model": "nova_colina.grupovaga", "pk": 54, "fields": {"vagas": "Vaga 166, Vaga 151 e Vaga 152"}}, {"model": "nova_colina.grupovaga", "pk": 55, "fields": {"vagas": "Vaga 167, Vaga 153 e Vaga 154"}}, {"model": "nova_colina.grupovaga", "pk": 56, "fields": {"vagas": "Vaga 168, Vaga 155 e Vaga 156"}}, {"model": "nova_colina.sorteio", "pk": 953, "fields": {"apartamento": 33, "vagas": 1}}, {"model": "nova_colina.sorteio", "pk": 954, "fields": {"apartamento": 35, "vagas": 2}}, {"model": "nova_colina.sorteio", "pk": 955, "fields": {"apartamento": 45, "vagas": 15}}, {"model": "nova_colina.sorteio", "pk": 956, "fields": {"apartamento": 36, "vagas": 18}}, {"model": "nova_colina.sorteio", "pk": 957, "fields": {"apartamento": 50, "vagas": 25}}, {"model": "nova_colina.sorteio", "pk": 958, "fields": {"apartamento": 52, "vagas": 26}}, {"model": "nova_colina.sorteio", "pk": 959, "fields": {"apartamento": 11, "vagas": 29}}, {"model": "nova_colina.sorteio", "pk": 960, "fields": {"apartamento": 4, "vagas": 45}}, {"model": "nova_colina.sorteio", "pk": 961, "fields": {"apartamento": 15, "vagas": 51}}, {"model": "nova_colina.sorteio", "pk": 962, "fields": {"apartamento": 1, "vagas": 19}}, {"model": "nova_colina.sorteio", "pk": 963, "fields": {"apartamento": 2, "vagas": 12}}, {"model": "nova_colina.sorteio", "pk": 964, "fields": {"apartamento": 3, "vagas": 24}}, {"model": "nova_colina.sorteio", "pk": 965, "fields": {"apartamento": 5, "vagas": 17}}, {"model": "nova_colina.sorteio", "pk": 966, "fields": {"apartamento": 6, "vagas": 31}}, {"model": "nova_colina.sorteio", "pk": 967, "fields": {"apartamento": 7, "vagas": 28}}, {"model": "nova_colina.sorteio", "pk": 968, "fields": {"apartamento": 8, "vagas": 46}}, {"model": "nova_colina.sorteio", "pk": 969, "fields": {"apartamento": 9, "vagas": 53}}, {"model": "nova_colina.sorteio", "pk": 970, "fields": {"apartamento": 10, "vagas": 30}}, {"model": "nova_colina.sorteio", "pk": 971, "fields": {"apartamento": 12, "vagas": 56}}, {"model": "nova_colina.sorteio", "pk": 972, "fields": {"apartamento": 13, "vagas": 52}}, {"model": "nova_colina.sorteio", "pk": 973, "fields": {"apartamento": 14, "vagas": 10}}, {"model": "nova_colina.sorteio", "pk": 974, "fields": {"apartamento": 16, "vagas": 48}}, {"model": "nova_colina.sorteio", "pk": 975, "fields": {"apartamento": 17, "vagas": 54}}, {"model": "nova_colina.sorteio", "pk": 976, "fields": {"apartamento": 18, "vagas": 14}}, {"model": "nova_colina.sorteio", "pk": 977, "fields": {"apartamento": 19, "vagas": 50}}, {"model": "nova_colina.sorteio", "pk": 978, "fields": {"apartamento": 20, "vagas": 33}}, {"model": "nova_colina.sorteio", "pk": 979, "fields": {"apartamento": 21, "vagas": 8}}, {"model": "nova_colina.sorteio", "pk": 980, "fields": {"apartamento": 22, "vagas": 6}}, {"model": "nova_colina.sorteio", "pk": 981, "fields": {"apartamento": 23, "vagas": 9}}, {"model": "nova_colina.sorteio", "pk": 982, "fields": {"apartamento": 24, "vagas": 35}}, {"model": "nova_colina.sorteio", "pk": 983, "fields": {"apartamento": 25, "vagas": 34}}, {"model": "nova_colina.sorteio", "pk": 984, "fields": {"apartamento": 26, "vagas": 23}}, {"model": "nova_colina.sorteio", "pk": 985, "fields": {"apartamento": 27, "vagas": 42}}, {"model": "nova_colina.sorteio", "pk": 986, "fields": {"apartamento": 28, "vagas": 13}}, {"model": "nova_colina.sorteio", "pk": 987, "fields": {"apartamento": 29, "vagas": 4}}, {"model": "nova_colina.sorteio", "pk": 988, "fields": {"apartamento": 30, "vagas": 37}}, {"model": "nova_colina.sorteio", "pk": 989, "fields": {"apartamento": 31, "vagas": 49}}, {"model": "nova_colina.sorteio", "pk": 990, "fields": {"apartamento": 32, "vagas": 40}}, {"model": "nova_colina.sorteio", "pk": 991, "fields": {"apartamento": 34, "vagas": 22}}, {"model": "nova_colina.sorteio", "pk": 992, "fields": {"apartamento": 37, "vagas": 44}}, {"model": "nova_colina.sorteio", "pk": 993, "fields": {"apartamento": 38, "vagas": 32}}, {"model": "nova_colina.sorteio", "pk": 994, "fields": {"apartamento": 39, "vagas": 43}}, {"model": "nova_colina.sorteio", "pk": 995, "fields": {"apartamento": 40, "vagas": 11}}, {"model": "nova_colina.sorteio", "pk": 996, "fields": {"apartamento": 41, "vagas": 3}}, {"model": "nova_colina.sorteio", "pk": 997, "fields": {"apartamento": 42, "vagas": 39}}, {"model": "nova_colina.sorteio", "pk": 998, "fields": {"apartamento": 43, "vagas": 7}}, {"model": "nova_colina.sorteio", "pk": 999, "fields": {"apartamento": 44, "vagas": 47}}, {"model": "nova_colina.sorteio", "pk": 1000, "fields": {"apartamento": 46, "vagas": 20}}, {"model": "nova_colina.sorteio", "pk": 1001, "fields": {"apartamento": 47, "vagas": 38}}, {"model": "nova_colina.sorteio", "pk": 1002, "fields": {"apartamento": 48, "vagas": 41}}, {"model": "nova_colina.sorteio", "pk": 1003, "fields": {"apartamento": 49, "vagas": 16}}, {"model": "nova_colina.sorteio", "pk": 1004, "fields": {"apartamento": 51, "vagas": 55}}, {"model": "nova_colina.sorteio", "pk": 1005, "fields": {"apartamento": 53, "vagas": 36}}, {"model": "nova_colina.sorteio", "pk": 1006, "fields": {"apartamento": 54, "vagas": 27}}, {"model": "nova_colina.sorteio", "pk": 1007, "fields": {"apartamento": 55, "vagas": 21}}, {"model": "nova_colina.sorteio", "pk": 1008, "fields": {"apartamento": 56, "vagas": 5}}]